{
  "creditcard": {
    "logistic": {
      "f1": 0.7241379310344828,
      "auc_pr": 0.7412468734809871
    },
    "xgb": {
      "f1": 0.8297872340425532,
      "auc_pr": 0.7972843396791324
    }
  },
  "fraud_data": {
    "logistic": {
      "f1": 0.6562782294489612,
      "auc_pr": 0.6635886824578401
    },
    "xgb": {
      "f1": 0.6868826096944636,
      "auc_pr": 0.7038523768071334
    }
  }
}